Stage,Count,Conversion Rate
Applications Started,39011,1.0
Applications Completed,27163,0.6962907897772423
Approved,18274,0.672753377756507
Deposit Setup,1498,0.08197438984349349
