Step,New User Rate,Existing User Rate,Odds Ratio (New/Existing),Chi-square Statistic,P-value,Significant
Application Complete,0.7143534190927556,0.7163754811963281,0.9901184574129881,0.1484483123604519,0.7000226385542534,False
Approval,0.7487441948630461,0.6987433862433863,1.2848021168377468,69.95050777186933,6.081124915878664e-17,True
Deposit Setup,0.10556962025316456,0.06921438712730715,1.5872513372088803,67.64433270087875,1.9581477925869895e-16,True
