Step,Pinwheel Rate,Non-Pinwheel Rate,Chi-square Statistic,P-value,Degrees of Freedom,Odds Ratio,Significant
Application Start,1.0,1.0,,,,,
Application Complete,0.8833660589060308,0.4989877078814172,5649.730379704179,0.0,1.0,7.604563517329783,True
Approval,0.7996633941093969,0.15169920462762113,13090.689458363537,0.0,1.0,22.32099112141312,True
Deposit Setup,0.0646844319775596,0.01923355025307303,374.66583821999944,1.804319522524072e-83,1.0,3.5265313595889918,True
